"","gene","unicox_pvalue","expcoef","expcoef_lower","expcoef_upper"
"1","CCL14",0.273539142167788,1.03297738433646,0.974693749608302,1.0947461979513
"2","DPEP1",0.236771962156178,1.04092851986906,0.974003875281931,1.11245161438722
"3","FUT7",0.105217258754464,0.928649863184205,0.849100858785068,1.01565150885136
"4","IL1A",0.179329819497694,0.966202417754568,0.918911631774093,1.0159269725125
"5","MCOLN2",0.225755772183904,0.946192222847999,0.865195934407587,1.03477106973584
"6","EDN1",0.428919736984234,0.966061828124121,0.886852944609433,1.05234521848437
"7","CCL26",0.0270010134395601,1.10476375017054,1.01139666720926,1.20675001536103
"8","FUT4",0.145866251961627,1.09420562517004,0.969180768465508,1.2353587577366
"9","CCR7",0.283523046022477,0.969402841938331,0.915882667077407,1.02605050159628
"10","ITGA9",0.378291577761425,1.04200851728785,0.95085693504598,1.14189812376761
"11","TGFB2",0.283924081776639,1.04839436729664,0.961574632562605,1.14305298014168
"12","CXCL6",0.725475965130747,1.01042167988905,0.953610024580765,1.0706179097044
"13","CXCL1",0.991340430873811,0.999693192465696,0.945803538748142,1.05665335148252
"14","NOD2",0.194305397229882,1.05689512630942,0.972170772965811,1.14900317832934
"15","CCL20",0.682825342141555,0.988961956229404,0.937686640514161,1.04304114894161
"16","CCL4",0.508325305251027,0.977273930225578,0.912921050365317,1.04616312036661
"17","CCL5",0.315569001255199,0.966270219407243,0.903643834598369,1.03323688068796
"18","PDE4B",0.143857831605777,1.06929324476246,0.977413048213728,1.16981049657995
"19","OLFM4",0.0825849659559609,1.02976528360901,0.996220856112757,1.06443920825355
"20","MPP1",0.162973348052662,1.07272708066261,0.971977974521259,1.18391920367714
"21","CCL3",0.901089180147802,0.995573882739903,0.92830953558019,1.06771213480462
"22","FCER1G",0.847115135714105,1.00793577068556,0.930112019846308,1.09227114170116
"23","SLAMF8",0.842806786564733,0.991943876359612,0.915729047218956,1.07450195757749
"24","CCL7",0.756937382900922,0.988059113929977,0.915683586210732,1.06615519522419
"25","ITGB2",0.906471214929096,0.995564775793943,0.924411958369546,1.0721942893835
"26","SAA1",0.863298298688899,1.0038826447054,0.96056169989295,1.04915734663689
"27","THBS4",0.00335740437397685,1.07811074520911,1.02526461950853,1.13368076574467
"28","NCKAP1L",0.896965974211784,1.00485153672824,0.933874901170517,1.08122255946649
"29","CCL2",0.328013410749251,1.04084038064182,0.960615950437449,1.12776463630577
"30","C3AR1",0.671046065279071,1.01669791408663,0.941895260809796,1.09744118217496
"31","C5AR1",0.462250845317211,1.03316485786623,0.947091924302294,1.12706021046068
"32","CXCL3",0.420811997039313,1.02743257801594,0.961916827748748,1.09741057845824
"33","IL1B",0.254206554428818,0.962227217166108,0.90060066455506,1.02807076864935
"34","CCL19",0.992789707766827,1.00022339214873,0.95292258442728,1.04987209931937
"35","CXCL11",0.157388443567038,0.964922781959392,0.918324392351715,1.01388570629152
"36","CCL8",0.704421465375555,0.986963273266815,0.922267625289665,1.05619722092229
"37","CXCL2",0.883045567846727,0.995418143007072,0.936339192299368,1.05822471982017
"38","CCL13",0.289248029029601,0.965622993852822,0.905129000047232,1.03016008348935
"39","CXCL9",0.344648116474183,0.977292942648598,0.93182900136364,1.02497506983906
"40","CXCL10",0.284853430608971,0.973273167046357,0.926133021000355,1.0228127452677
"41","SLIT2",0.00656760553915221,1.09068004324101,1.02450407145944,1.1611305312136
"42","CCL11",0.315873831829771,1.0309239956071,0.971358936176037,1.09414166600708
"43","TNFAIP6",0.00797165908837401,1.10020189667716,1.02526660751761,1.18061410034876
"44","CXCL13",0.100528965635598,0.961074036997645,0.916596813789181,1.00770948654355
"45","CCL21",0.955733380429663,1.0012142869827,0.959218840440658,1.04504833120018
"46","DPP4",0.13229425179234,1.04787527654335,0.98596708067682,1.11367064551187
"47","CXCL5",0.396202020661926,1.02220132251774,0.97164156304946,1.07539197940201
"48","CCL18",0.737837015802918,0.991787527443919,0.945034854822331,1.04085314374807
"49","CD300A",0.663492294742271,1.02137716037496,0.92855078339791,1.12348330580059
"50","S100A7",0.0545660110030469,1.03034574222015,0.999414697725028,1.06223407653275
"51","RARRES2",0.957131653589011,0.997872530727929,0.923315317358434,1.07845019882282
"52","SCG2",0.00197417139826239,1.12137219984512,1.04288299704024,1.20576863766526
"53","IL34",0.150996996168199,1.07472436002406,0.974049339256668,1.1858048699161
"54","THBS1",0.0250463409380609,1.11728264640907,1.01399095600431,1.23109629782689
"55","SLAMF1",0.119637455815992,0.94048041079151,0.870536652901439,1.01604383931978
"56","CSF1R",0.489968811444284,1.02863560687354,0.949402468059871,1.11448121036628
"57","CMKLR1",0.552203816588268,1.02433985486932,0.946257886941885,1.10886488002202
"58","ANXA1",8.63676937845469e-06,1.21871333646867,1.11700833247382,1.32967870812316
"59","CCR2",0.473020485984049,0.971977736896511,0.899375492737112,1.05044080993055
"60","FOLR2",0.227519383929264,1.04977027930956,0.970139773634397,1.13593697451784
"61","CTSG",0.0759629841831023,1.05163829173056,0.994754813143946,1.11177456195323
"62","AIF1",0.994577248460445,1.00029426455475,0.918922674539475,1.08887139628215
"63","CXCL12",0.0615241033821532,1.07510212585413,0.996510478416057,1.15989204935735
"64","FPR2",0.788290519304823,1.01063410817287,0.93554237980123,1.09175310777411
"65","CCR1",0.641618856173255,1.02143341825945,0.934170780174164,1.11684742241956
"66","PLA2G7",0.870207383680763,0.992762212909972,0.909919765648964,1.08314694172951
"67","IL6",0.367440763910552,1.02584866111621,0.970467502964443,1.08439022666839
"68","GREM1",0.040757284014289,1.05198780626729,1.00213325241574,1.10432254579648
"69","CHGA",0.0129538281359135,1.07442759002116,1.01528397576078,1.13701651336874
"70","SIRPA",0.189997974805399,1.06668038047084,0.968521673687327,1.17478737440082
"71","KITLG",0.0174364368149296,1.12157027143502,1.02034801979949,1.2328341402711
"72","STAP1",0.457936606581648,0.969220284676552,0.892421588267927,1.0526280096515
"73","TREM2",0.461528630679273,1.03229396569179,0.948553033900453,1.12342778265313
"74","SPI1",0.942821631340082,0.996845964874758,0.914402897201449,1.08672214483171
"75","EMILIN1",0.0722318561728307,1.07331669920597,0.993632029330003,1.15939170919359
"76","ROR2",0.0393087363223263,1.07456426649441,1.00352972122574,1.15062697038639
"77","CXCR6",0.0436792455735924,0.919789865232571,0.84802131337538,0.99763223263477
"78","CXCR3",0.123126875571358,0.942039569842112,0.873182381407917,1.01632668047815
"79","CCR5",0.0992186755356774,0.936445505503423,0.866124134399285,1.01247632983437
"80","CCR4",0.433754191346237,0.968050450288814,0.892460153368107,1.05004315404751
"81","CCR8",0.685013671182013,0.979818507120745,0.887896524303709,1.08125697152514
"82","CXCR5",0.598293116197328,0.980324690811761,0.910469047897544,1.05554000065615
"83","LOX",0.00159321175126065,1.15265550350657,1.0553495227775,1.25893334965207
"84","PADI2",0.940256040301871,1.00308427815529,0.925470345888868,1.08720724932135
"85","CH25H",0.244921800091232,1.05255477484267,0.965493008665646,1.14746719458407
"86","GAS6",0.00873298670328312,1.12525289844776,1.03025602957832,1.22900914832144
"87","GPR183",0.8440024897533,1.00813862296062,0.929945004202309,1.09290708430305
"88","IL10",0.05989814977811,1.08969323893429,0.996426304808152,1.19169009213154
"89","PTN",0.148969496494713,1.03518991609873,0.98769199846086,1.08497199943143
"90","CD3E",0.0577772493403356,0.931299893672954,0.865285874738438,1.00235022583425
"91","HLA-DPA1",0.266721812172106,0.95793160190251,0.887963887623039,1.03341246948667
"92","LTA",0.255989268781328,0.946578567212869,0.86102636019538,1.04063130390508
"93","FOXP3",0.198127896457977,0.938624266177368,0.852307961608097,1.03368213455937
"94","CD226",0.4247157195779,0.962893864417707,0.877523853348342,1.05656910703397
"95","TLR7",0.746671097300747,0.987080292849482,0.912192968102668,1.06811556173075
"96","TNF",0.315390866354866,0.960570469371407,0.888019928884088,1.03904833283178
"97","RASGRP1",0.469787838759448,0.970318262910117,0.894193698323319,1.05292346960432
"98","HLA-DPB1",0.371117827854834,0.964976768121769,0.892456003205365,1.04339055333852
"99","SLAMF6",0.183914508263936,0.953710358764745,0.889315879737038,1.02276757802203
"100","LILRB1",0.424232764131767,0.967279824458403,0.891488212173649,1.04951500875486
"101","CLEC7A",0.895659881829582,0.994886342027643,0.921505982125172,1.07411004676332
"102","EBI3",0.873728461934362,0.993347298330001,0.91485039928464,1.07857946596633
"103","SASH3",0.429913319396058,0.968875763506512,0.89571777887198,1.04800894573345
"104","CD244",0.838579848907795,0.991785655858439,0.916120337082753,1.07370041614708
"105","IL27RA",0.140891034240967,1.08129760210538,0.974455497142627,1.19985418292295
"106","IL12RB1",0.189918682588046,0.953134550054112,0.887125722458271,1.02405493100735
"107","AXL",0.0949821340501559,1.08015562833755,0.986684406237384,1.18248162639817
"108","TNFSF4",0.256145835286705,1.05354878493858,0.96283652548027,1.15280736954998
"109","PTPN22",0.248852690561033,0.955260628896336,0.883762432822028,1.03254317589124
"110","HAVCR2",0.872233400396942,0.993322070191894,0.915432929097967,1.07783836889346
"111","CD14",0.547147991302474,1.02524306208928,0.945321668724657,1.11192133972798
"112","CD274",0.471296504459756,0.974693069047269,0.909033603339761,1.04509511569035
"113","CR1",0.312372934207117,1.03494939534951,0.968222165199945,1.10627528415767
"114","TLR8",0.876233211236982,1.00548820335071,0.938564694920637,1.07718363214475
"115","IRF8",0.962370393234851,1.0017321246649,0.93224026510004,1.0764041064864
"116","IL12RB2",0.867776216825703,1.00519007458571,0.945759923038942,1.068354728755
"117","INHBA",0.0111466503122322,1.08720898492059,1.01922749673501,1.15972477261313
"118","PDCD1LG2",0.550123323762488,1.0201423695722,0.955552633681049,1.08909799158562
"119","LILRB4",0.992964728100112,0.999725644279972,0.940572331670609,1.06259915391708
"120","NLRP7",0.882918969908756,0.996288719692371,0.948188270658138,1.04682924657706
"121","KMO",0.619390410767798,0.978077350536981,0.896163476188801,1.06747856730539
"122","LY96",0.785722134511744,1.01244844881859,0.9260585901438,1.10689741710186
"123","TNFAIP3",0.693472600688334,0.979705410581507,0.88474142567454,1.08486238314307
"124","CD6",0.131580670225574,0.93843119044186,0.864034627382203,1.01923357153205
"125","TNFRSF1B",0.739006231468358,1.02014608034047,0.907201102314717,1.14715251401115
"126","TLR10",0.830755268347671,1.0083270954079,0.934492265308057,1.08799566254149
"127","TIFAB",0.108835227229582,0.927537936085823,0.846057426103236,1.01686551803089
"128","VIM",0.0259478125811482,1.12417688571038,1.01413399250186,1.24616044793822
"129","EPHB2",0.212083886864902,1.06423352122485,0.965096974909318,1.17355355694185
"130","TNIP3",0.659832243758989,1.01716362702878,0.942930112854576,1.0972412801816
"131","GFI1",0.276906075291996,0.949355503587602,0.86445435252519,1.04259510008749
"132","CD86",0.62602451658534,0.977943666633419,0.894041399609187,1.06971983123654
"133","LY86",0.713568485398889,1.01597742005111,0.93352624341716,1.10571087351044
"134","NLRP3",0.852728808054067,1.00828729085165,0.92414756841757,1.10008757869025
"135","CSF2",0.156952216994483,0.948128991392385,0.880713600242103,1.02070478311182
"136","TLR6",0.0796925832484513,1.0878372436287,0.990081303080943,1.19524514294251
"137","FCGR2B",0.938551228347967,0.996830197257917,0.919530470945316,1.0806280743951
"138","SPON2",0.0187252980763213,1.11360518345703,1.01805665343443,1.21812131028152
"139","CD80",0.407197121401599,0.966415728933434,0.891417192127771,1.04772419623254
"140","HCK",0.666194328922354,1.01772099234785,0.939653062293908,1.10227493510954
"141","CD180",0.782419302945792,1.01151242292785,0.932589296771488,1.09711465194745
"142","LTF",0.570988487840761,1.01190025394817,0.971326885959907,1.05416841512471
"143","LILRB2",0.803029945137966,0.991035762860343,0.923336214443789,1.06369908155267
"144","MRC1",0.314001146972372,1.03761073103709,0.965654302338604,1.11492904505883
"145","IL24",0.902403587211261,0.996115467405193,0.936036577046117,1.06005048171849
"146","CSF3",0.53566419384163,1.01635368280744,0.96549986889165,1.06988601639278
"147","GBP1",0.17947732898647,0.943794975931859,0.867355220612464,1.02697134394975
"148","IL1R2",0.672804115091778,0.984661228817615,0.91649508649212,1.05789736336459
"149","ZBP1",0.252792005272186,0.96427635732039,0.90599349829139,1.0263085717951
"150","SFRP1",0.0728194332112169,1.04901924081066,0.99558149066531,1.10532525755937
"151","EGR1",0.00693782668565322,1.14115760293761,1.03684740683624,1.25596174148314
"152","AKAP12",0.0341890376752721,1.09876244304398,1.00704555703971,1.19883246373964
"153","PTGIS",0.00464538874171964,1.0771071144265,1.02311055777143,1.13395343947507
"154","ADAMTS12",0.000216177311437225,1.13615889917008,1.06185812733223,1.21565867504962
"155","TNFSF13B",0.602749508933139,0.979212027590018,0.904731000847583,1.05982462641234
"156","WAS",0.378614326681982,0.959841314195961,0.876140651826374,1.0515381822735
"157","C4BPB",0.669341761313652,1.01568375480815,0.945671218156071,1.09087965243637
"158","FCER2",0.969407874046136,0.998740233887741,0.936427873611123,1.06519902161773
"159","CD8A",0.0369393949736175,0.926390897208087,0.862186710944086,0.995376156389935
"160","IL4I1",0.0289098771898374,0.898529550705133,0.816291024852209,0.989053326461039
"161","SPN",0.145209589692929,0.93794242618996,0.860475997221618,1.02238295744179
"162","C2",0.105042210077626,0.935588633578954,0.863219084490836,1.01402541603727
"163","EOMES",0.141083492671398,0.939448909654619,0.86446650913417,1.020935160039
"164","CD27",0.0655210019965881,0.928212354686043,0.857466036872345,1.00479568675917
"165","LAMP3",0.644137975841495,0.978772394216591,0.893600792650584,1.07206194036477
"166","ITK",0.113765585400997,0.942318832458404,0.875429042176053,1.01431953845003
"167","BTLA",0.0632075704722751,0.91906985004316,0.840775439264669,1.0046551668982
"168","LY9",0.6160839932231,0.981552247629242,0.912648685943303,1.0556579214599
"169","RSAD2",0.984602744293293,0.999290254047889,0.929771345045914,1.07400708481265
"170","HLA-DQB1",0.257956594279208,0.95884092861315,0.891498991174465,1.03126973275936
"171","HLA-DRA",0.166698796413082,0.949214720723762,0.881623593555945,1.02198783315741
"172","CD247",0.01822580435559,0.905523455881002,0.833912222675656,0.983284219674515
"173","LOXL3",0.128715211148515,1.09950954603558,0.972851493228364,1.24265753841999
"174","LAT2",0.638125360250627,0.976186903225932,0.882904843709662,1.07932454648896
"175","KLRD1",0.0423089617943692,0.925659297880764,0.859146563890308,0.997321262478455
"176","TNFRSF17",0.141463451310278,0.950195476242404,0.887642492688861,1.01715662612831
"177","MICB",0.200201207263854,0.939914996990193,0.854894850556573,1.03339048187262
"178","CLEC4G",0.990470584408951,1.00046272033422,0.927323543791046,1.0793704759038
"179","C7",0.0853116576673294,1.03822604715123,0.994796441942049,1.08355164889709
"180","SIT1",0.123577626629235,0.942911487274857,0.874940421044229,1.01616298830242
"181","SH2D1A",0.0635042918360765,0.932695768198897,0.866520555269969,1.00392470868173
"182","CD28",0.516129154371743,0.970301344068665,0.885899999350024,1.06274376226686
"183","PDCD1",0.0570578881830837,0.934380378761055,0.871290468406003,1.00203861269239
"184","IL2RB",0.205196760768837,0.948164225205325,0.873214056150731,1.02954755666923
"185","LAX1",0.319274861836206,0.959953912311538,0.885768589209897,1.04035244079293
"186","HLA-DMB",0.156277038896691,0.943407595416693,0.870405185277858,1.02253284578697
"187","IL13RA2",0.683262151930425,1.01324827649068,0.951171492499168,1.079376408889
"188","CD7",0.0956365899949797,0.941169662522789,0.876388648816306,1.01073916789049
"189","KLHL6",0.25142347517536,0.949524323326122,0.869091885688028,1.03740059645611
"190","PRF1",0.197907227624991,0.95538788681272,0.891267676889897,1.02412107825294
"191","CLEC10A",0.258134277350786,0.960617448560692,0.895996507675477,1.02989897234452
"192","C4A",0.785966460785567,1.00978690618916,0.941241457059973,1.08332414415327
"193","HLA-DOB",0.616702957624643,0.980316763957343,0.906899561940968,1.05967738658843
"194","PTPRC",0.408741067595129,0.970708234320162,0.904599714692628,1.04164799178291
"195","SAMSN1",0.589541003478932,0.978555880262368,0.904448827610768,1.05873497931953
"196","LAIR1",0.970632835211515,1.00152154647208,0.923648848724894,1.08595967984212
"197","P2RX7",0.838151429624219,1.00933847477867,0.923211972633833,1.10349972364645
"198","SIGLEC10",0.511729746163621,0.975232412607757,0.904842953687843,1.05109760177107
"199","CD70",0.876559050082673,1.00575512258292,0.935503430163336,1.08128237052553
"200","IRF4",0.250928544280176,0.957470412633729,0.889003937977327,1.0312098202341
"201","C1R",0.449002305967303,1.03644801587689,0.944707440097179,1.13709752249293
"202","HLA-DQA2",0.275837868957945,0.966096955402562,0.907985640058241,1.02792740992934
"203","LILRA3",0.873697762688235,0.994485177302267,0.928937179603033,1.06465839627235
"204","CTLA4",0.05784270883407,0.931588350532099,0.865814245354089,1.00235917750717
"205","BTK",0.806181580074919,1.0100089282748,0.932769221712023,1.09364461374751
"206","CD84",0.921576911532985,0.996143908030088,0.922394969928111,1.07578935039378
"207","FCGR1A",0.679923805955611,1.01507561036884,0.945424320339588,1.08985824946367
"208","VTCN1",0.130858138781224,1.03736807387152,0.989149912862535,1.08793672899758
"209","C1QA",0.694824569558646,1.01437782134947,0.944553531111571,1.08936373699731
"210","C1QC",0.453894686940624,1.02825485138487,0.955945560907918,1.10603373521849
"211","HLA-DQA1",0.345735883538465,0.969244078196666,0.908305914655799,1.03427057774396
"212","LILRB3",0.864945299440751,1.00732856016074,0.926036441151507,1.09575690871705
"213","LAG3",0.177621279928132,0.954525494111525,0.892075350608309,1.02134748851379
"214","C1QB",0.386580431191556,1.03119582866747,0.961925011909508,1.10545502393197
"215","MYO1G",0.414026232780484,0.968067971014298,0.895544628991945,1.04646442641126
"216","CD79A",0.89237854276303,0.996300467573416,0.944216914727587,1.05125697941281
"217","FCGR3A",0.296702724168895,1.03621813425884,0.969238571065808,1.1078263430913
"218","CD19",0.596045630248841,0.984631239464764,0.929830109440967,1.04266216794464
"219","IL21R",0.329916076847617,0.965812586051973,0.900537585847904,1.03581901081688
"220","CD209",0.682989336358577,1.01523371472895,0.944177887967561,1.09163697716013
"221","CSF2RB",0.377150676312913,1.03809521974254,0.955438055980731,1.12790324658582
"222","IL7R",0.688300187214441,1.01401070923826,0.947371815082894,1.08533703671554
"223","BACH2",0.0494233810890648,1.07627432180386,1.00018545350813,1.15815163249117
"224","CR2",0.52552542742111,1.01522646659006,0.968949897516955,1.06371318177151
"225","C1S",0.327949409834844,1.0384487252395,0.962846397892834,1.11998731813459
"226","LILRB5",0.765449193211365,1.01183228398876,0.936584327357348,1.09312588414827
"227","LILRA6",0.438146270689357,1.0302640774008,0.955466939451348,1.11091658471409
"228","PCSK1",0.0776722405389415,1.06671043241286,0.992865817496048,1.14604725690735
"229","SELE",0.764241804755959,1.00911524989376,0.95101552589892,1.07076441954574
"230","CD38",0.604522336785158,0.983604969624542,0.92395651612316,1.04710418660128
"231","CHI3L1",0.121402144221538,1.0406912704337,0.989471147584852,1.09456281064933
"232","SYT11",0.107158586486475,1.09106644159708,0.981304295789074,1.21310584809178
"233","ACP5",0.871781383146322,0.990428744887297,0.881254651014381,1.11312785421318
"234","CD33",0.739809198780613,1.01545617690039,0.927575759731258,1.11166256382542
"235","GPNMB",0.295398816328253,1.03871552173406,0.967377806232777,1.11531392196488
"236","TYROBP",0.635392599594351,1.0208769125807,0.937304528649662,1.11190081642061
"237","TNFRSF8",0.674362008235763,1.01941946278964,0.931942283785018,1.11510772629997
"238","CYBB",0.83083818893318,0.992067441953661,0.922162940108208,1.06727105002614
"239","IGF1",0.00812461838195145,1.08423984975825,1.02121074770745,1.15115910642625
"240","LILRA5",0.647395881358982,1.01767234167991,0.944075026363211,1.09700708746619
"241","TWIST1",0.0209891086171226,1.08927096128103,1.01298355358094,1.1713035447572
"242","FGF2",0.182242223310573,1.06193713124655,0.97218759113765,1.15997208872057
"243","DOCK4",0.412213409876054,1.05177894230346,0.932225336960946,1.18666474682969
"244","BIN2",0.557129296120379,0.974173095092035,0.892688406507482,1.06309571434234
"245","VCAM1",0.547460505058884,1.02561330006688,0.944491446551123,1.11370266519099
"246","PDGFRB",0.00517120616332751,1.15760301502464,1.0447389457985,1.28265988913617
"247","EGR3",0.051918979031249,1.08379685945541,0.999331264101571,1.17540166585443
"248","FGFR1",0.00321964664049271,1.13816971682791,1.04426817221264,1.24051497381109
"249","HGF",0.0217325804252331,1.08105619935569,1.01144312316882,1.1554604301465
"250","THY1",0.0374616595831319,1.10971293230085,1.00605878528608,1.22404655684766
"251","ECM1",7.77940027242275e-05,1.21485805212483,1.10305243977738,1.33799630334021
"252","ITGAL",0.0682711747716174,0.931255708777704,0.86261676192022,1.00535629889751
"253","GCNT1",0.145461102534032,1.05795020038731,0.980677632639933,1.14131146591625
"254","SELPLG",0.988075078057311,1.00065952868057,0.917778649574746,1.09102504487676
"255","TNFRSF18",0.775053927098294,1.01196507810021,0.93269068039599,1.09797743326821
"256","ITGA4",0.112593427283335,1.08077337819431,0.981889448819411,1.18961569086824
"257","ITGB3",0.0131712370227816,1.11008625298787,1.02211086486208,1.20563388125116
"258","SELL",0.169489147031479,0.955621552289799,0.895697514058948,1.01955463408896
"259","HMOX1",0.93136566949956,1.00432702741984,0.910338355074998,1.10801964168902
"260","ICAM1",0.732830809793457,1.01402989764855,0.936073077020528,1.0984790168285
"261","ADD2",0.0516685603485686,1.0581601396872,0.999591060933425,1.12016095879975
"262","ST6GAL1",0.402979716503398,0.963291697893853,0.882455754378496,1.05153248831694
"263","RNASE2",0.973844356911092,1.00144656192432,0.918544168824759,1.09183123732984
"264","CFP",0.432637579320927,0.964051093890111,0.879803471882884,1.05636604234092
"265","RNASE7",0.525094699115674,1.01939103838335,0.960764945947505,1.08159450812548
"266","GNLY",0.0563749550495642,0.945280492299479,0.892190196963781,1.00152995646311
"267","POU2AF1",0.598088611010266,0.983396039517416,0.924043955925113,1.04656035498912
"268","RNASE6",0.778155934214286,1.01261141726596,0.928061570685417,1.10486406803817
"269","MS4A1",0.536562464029423,0.984300616666607,0.936124009018858,1.03495658121802
"270","PRSS3",0.719212563727733,0.990634305118096,0.941096301317006,1.04277992071955
"271","GATA6",0.106430762186737,1.07041579636769,0.985542308503012,1.16259846708547
"272","PI3",0.070008502725874,1.03155851660395,0.99746337273013,1.06681909558802
"273","SPRR2A",0.00217865182980256,1.05900280213475,1.02088037719214,1.09854882117904
"274","VSIG4",0.381280661196577,1.02965710759639,0.964448798689648,1.09927428046383
"275","KLK7",0.00727827084829205,1.05496518113693,1.01453651829933,1.09700490158494
"276","LYZ",0.35247053556597,0.969862003087704,0.909275576875474,1.03448539579779
"277","KLK5",0.0297474058124631,1.04092453186454,1.00394727648766,1.07926372869714
"278","TRIM6",0.88317888796171,0.993269893797884,0.907714245607799,1.08688949931005
"279","PYHIN1",0.0210764038455413,0.913912282422766,0.846612132338279,0.986562356077194
"280","LTB",0.219977763218724,0.950684461014063,0.876881177160048,1.03069944703425
"281","IL17D",0.904091715042207,1.00560839154114,0.918164420725028,1.10138033484179
"282","AFAP1L2",0.836582380617638,0.988535983332513,0.88595299543794,1.10299688061908
"283","PAEP",0.334180001441236,1.03558269878916,0.964643812774884,1.11173835547288
"284","F2R",0.0186960243305129,1.15175983841197,1.02380645327304,1.29570459449428
"285","MEFV",0.794691886681651,0.988903679249977,0.909189700520486,1.07560664872722
"286","WNT11",0.00224309214225261,1.09597558408514,1.03341468615234,1.16232379605808
"287","TIGIT",0.121510649622759,0.94387222695407,0.877323307602231,1.01546918119626
"288","F3",0.314489909479648,1.03528440165323,0.967642184456605,1.10765509144104
"289","MNDA",0.824762418461534,0.991631932307451,0.920548082502566,1.06820480957231
"290","CLEC5A",0.893271926160494,0.99446463343186,0.917007847636461,1.07846395174889
"291","HPSE",0.077957917733874,1.07478058076493,0.991960086537849,1.16451590388192
"292","OSM",0.734549362083097,1.01418502030589,0.934885375793468,1.1002110868831
"293","NFAM1",0.699628271109246,0.982404306411393,0.897687200020347,1.07511638935453
"294","LUM",0.0482428770207895,1.08151386471663,1.00060553418653,1.1689643916723
"295","SULF2",0.0114251065056599,1.09822686875515,1.02131834797387,1.18092684582476
"296","CLEC4E",0.731000952262179,0.988068497239366,0.922716222267551,1.0580494107253
"297","TNXB",0.276106969930643,1.03848097110501,0.970258827780981,1.11150004150298
"298","NR4A3",0.470241867262381,1.02939571428755,0.95154634080113,1.11361422051334
"299","CCBE1",0.0163240701626835,1.07977683862952,1.01421431993565,1.14957755803995
"300","SERPINB7",0.00060002913037879,1.08375804342639,1.03509612092835,1.13470765945679
"301","GBP5",0.282828526345675,0.971312001285644,0.92106274126619,1.02430264690173
"302","CYP1B1",0.0036114921945435,1.09067767939238,1.02874791812764,1.15633556030892
"303","SPHK1",0.00696164525393189,1.11634129007155,1.03058424146468,1.20923436025712
"304","SULF1",0.125596217594707,1.0506078926507,0.986291298556791,1.11911860696233
"305","MMP12",0.503263276244455,0.983180344959666,0.935540159799415,1.03324649464782
"306","EREG",0.00866119156824103,1.06020832711976,1.01492474249024,1.10751236011461
"307","NKG7",0.0954093648807301,0.946459185764946,0.887182067739355,1.00969690764987
"308","PIK3R6",0.978751305546962,1.00144020765823,0.900805434376887,1.11331753921787
"309","SERPINB9",0.497110993726177,1.03396358044328,0.938939965338385,1.1386038779357
"310","GZMB",0.175608462745223,0.961148388484522,0.907583017754003,1.01787517683235
"311","BLK",0.754944418935681,0.990027689904859,0.929641061640671,1.05433684808256
"312","NFATC2",0.0938544633524645,1.07144601661929,0.988347650109133,1.16153113370845
"313","LCP2",0.467562221053912,0.965511392484791,0.878279816359112,1.0614068906677
"314","FCRL3",0.117584410395316,0.941768424085651,0.873599372890035,1.0152568695999
"315","CD22",0.826478743776995,0.99274686297781,0.930192713042388,1.05950769139961
"316","PIK3AP1",0.876302235481058,0.993633421707512,0.916853496686763,1.076843116487
"317","FPR1",0.112249171371848,1.05937498728259,0.986587705515255,1.13753228162706
"318","FPR3",0.7658631325385,1.01137356568994,0.938825731376241,1.08952753976708
"319","GRP",0.249397267464422,1.03849114961765,0.973848230181485,1.10742499129789
"320","PTGDR",0.749465700949183,1.01763226144855,0.914117766215469,1.13286871540443
"321","STXBP1",0.00399464474577095,1.17045217506637,1.05150944662137,1.30284925020829
"322","BATF3",0.43033587255276,1.04332735486203,0.938943722394486,1.15931545569891
"323","DNASE1L3",0.14980370903342,1.04725620194437,0.983475235589575,1.11517353241078
"324","IL31RA",0.0181929054056176,1.09397882448092,1.01539533310352,1.17864405064255
"325","PTGDS",0.578873057700921,1.01735328361419,0.957385645102218,1.08107710719861
"326","RHOH",0.40398232980974,0.96793838508179,0.896623007485072,1.04492602743115
"327","CST7",0.44369952484591,0.970706723809288,0.89959808156916,1.04743614171005
"328","UBD",0.0235151323158305,0.944973407396255,0.899806518528798,0.992407503499886
"329","CD300LF",0.503334650824769,0.971073634985956,0.891084720555815,1.0582428166613
"330","MT1G",0.125124625369265,1.05505160024488,0.985212315983756,1.1298416200449
"331","LRFN5",0.075371632951727,1.06431663977906,0.993648563985941,1.14001061418192
"332","DOCK2",0.873659483572114,0.994004961426249,0.922996647282796,1.07047611304841
"333","ITGAM",0.63385685287941,1.01873517619954,0.943820908538357,1.09959564345054
"334","ANXA3",0.476804055949153,1.02374041093173,0.959661479373235,1.09209804863602
"335","FN1",0.000577651357203229,1.12906671970702,1.05365587542283,1.20987476773515
"336","LST1",0.607048738448891,0.977251533872722,0.895201008723919,1.06682248025831
"337","PRKG1",0.00222618142344839,1.14209415105332,1.04887153739697,1.24360229385892
"338","FGL2",0.705971178975303,0.984192814596579,0.906006171893778,1.06912681872668
"339","SOCS1",0.606443662629465,0.972527900381348,0.874730547269868,1.08125927460992
"340","RUNX3",0.745804620918394,1.01378107908508,0.933266680390939,1.10124158282432
"341","DTX1",0.185146972353953,1.05409667488722,0.975073019275531,1.13952471050204
"342","C1QTNF1",0.219815888427592,1.05554211349103,0.968226843171754,1.15073152661548
"343","PLA2G5",0.076782722021282,1.06690898896546,0.993059748782101,1.14625005406906
"344","SERPINE2",0.00208275975757892,1.11630901113264,1.04077928298891,1.19731995890354
"345","PLA2G2D",0.120030433243083,0.959246371866346,0.910226068987785,1.01090666735353
"346","APOE",0.429984554099262,1.03081550371129,0.955976156208115,1.11151370857019
"347","GAL",0.192937035496938,1.03355485687557,0.983457433547053,1.0862042481272
"348","IL2RA",0.998555485116481,1.00006431120839,0.932807498074878,1.07217044097177
"349","KCNJ8",0.0610399155641566,1.10090329663164,0.995557576702311,1.21739625803363
"350","PTGIR",0.497712041690347,1.03876024088578,0.930635085105907,1.15944783870069
"351","CYP1A1",0.294827846035174,0.982649816972633,0.950993261580058,1.01536015217608
"352","IL10RA",0.443367323065403,0.965692714890564,0.883227696283513,1.05585731008752
"353","SSC5D",0.0357980451707874,1.07892443781098,1.0050517822625,1.15822683273618
"354","PTGFR",0.0376179579907045,1.07707152415358,1.00425987119407,1.15516222585213
"355","MAOB",0.0222390901571274,1.07434885439247,1.01028770264369,1.14247204822357
"356","FMO1",0.384570116754761,1.0271442419496,0.96696976041173,1.09106337857038
"357","LGALS1",0.00384716896981918,1.16119567177036,1.04928593548562,1.28504094311925
"358","CD5",0.190896605391777,0.946818052052336,0.872371361067802,1.02761789726211
"359","SIRPB1",0.725824665805715,1.01594313163623,0.929986438681066,1.10984462115668
"360","IL2RG",0.100567621738487,0.939766844153132,0.872605316353537,1.01209757128241
"361","VNN1",0.912239863683959,0.996110409126085,0.929413250835173,1.06759393227685
"362","ICOS",0.0967084324413916,0.938606854682815,0.870994206678129,1.01146806821774
"363","CAV1",0.00938004377329665,1.11772952997644,1.02770684217467,1.21563781704298
"364","GLI2",0.0012861900599025,1.13779279349624,1.05178809808944,1.23083009142579
"365","APBB1IP",0.214711897045117,0.956982794398311,0.892767203223617,1.02581733005823
"366","DOCK10",0.812865479477307,1.01066627421994,0.925675336470076,1.10346066012815
"367","DOCK11",0.0818013767976435,1.08815096676506,0.98939497112659,1.19676424585367
"368","MAFB",0.810697094823799,1.01252331696476,0.914487015704376,1.12106946276068
"369","SAMHD1",0.190736750682576,1.07280875072089,0.965607064041467,1.19191196759295
"370","TGFB3",0.0132472503569073,1.12213797181501,1.02434730588301,1.22926435258561
"371","TNFRSF11B",0.0953757301885792,1.05623060411862,0.990458422029544,1.12637044045802
"372","TMEM176B",0.845810743056723,1.00855515618322,0.925575876548868,1.09897365395527
"373","GPR68",0.0246593017659939,1.10140648816508,1.01240331687981,1.19823417401561
"374","FBN1",0.00302429260034371,1.13216985385337,1.04298323567665,1.22898291566764
"375","COL3A1",0.0212463845154351,1.08853649516241,1.01273469416122,1.17001195686482
"376","IL17RD",0.0354184676601381,1.12373991435933,1.00799458736071,1.25277596820311
"377","TNFRSF4",0.283112188297902,0.946424233694583,0.855890475122868,1.04653440616429
"378","FLT3",0.207761383434145,0.94037848213644,0.854605883679857,1.03475965536004
"379","IFITM3",0.261296280415924,1.05637930753931,0.95997409701542,1.16246599243325
"380","CRLF1",0.0423859382466038,1.06621687168639,1.00220567032326,1.13431648925119
"381","IFITM1",0.723023798762585,1.01445392569615,0.937059628608609,1.09824042776063
"382","BIRC7",0.527678177838974,0.972998512736979,0.89375715912021,1.05926547958542
"383","IL22RA2",0.269089938310257,0.954208735941966,0.878095292088006,1.03691970558556
"384","TNFRSF19",0.190136087128856,1.0437498845902,0.978987216613046,1.1127967792583
"385","BIRC3",0.310987803180751,0.960476479560014,0.888396694738184,1.03840443492405
"386","PXDN",0.00254462784599064,1.15768512755813,1.05267185447469,1.27317439795908
"387","CSF2RA",0.479763987604461,1.02761618858659,0.952835990235714,1.10826526481644
"388","NCF1",0.178210617692748,0.953284163644188,0.88914719876923,1.02204752814011
"389","NT5E",0.950344519140609,1.00236082551518,0.930663950254934,1.07958111437781
"390","FERMT3",0.759423637433687,0.984585614787842,0.891404584886803,1.08750711997993
"391","CERCAM",1.69579262658304e-05,1.29043152505884,1.148894022371,1.44940567923674
"392","OLR1",0.737211442382319,1.01051569991247,0.95061939667278,1.07418592903073
"393","TNFSF8",0.976333050365206,0.998637628651186,0.912623414545356,1.09275863128592
"394","TNFRSF9",0.456399549517828,0.96863427469512,0.890714348401592,1.05337065670701
"395","TOX",0.921006474509401,0.996092389760722,0.921918525117865,1.07623398587459
"396","SH3KBP1",0.141362860813545,1.08998560770199,0.971744866944824,1.22261373886417
"397","CYP26B1",0.0132240429289192,1.09997494037018,1.02010995931897,1.18609259559641
"398","RUNX2",0.000742440533786702,1.21808628105218,1.08617233932413,1.36602096589091
"399","TREML2",0.434898375253066,1.03688360732883,0.946774201011652,1.13556919273724
"400","WDFY4",0.901079138250103,1.00438071076305,0.937485418053303,1.07604938991758
"401","SLC15A3",0.61661764448838,1.0250725563358,0.930362154194797,1.12942443006211
"402","SCARA3",0.0577194646860317,1.0831287946179,0.997388715218715,1.1762394819889
"403","COLEC12",0.187886150870406,1.04363404128859,0.979358539686718,1.11212795722878
"404","PDPN",0.433274339324562,1.03184590332751,0.954027784218772,1.11601148921006
"405","ADAM19",0.0972401436075516,1.06972089582452,0.987818365841265,1.15841417261875
"406","EVI2B",0.709355274546602,0.98462263204915,0.907567730185053,1.06821969898127
"407","PAX5",0.877346089223188,0.994482716613907,0.92700797910909,1.06686878207268
"408","NTRK1",0.484094791780137,1.03817011693011,0.934759821818706,1.15302045138149
"409","IL11",0.169497036727196,1.05380435222539,0.977888707073077,1.13561349541813
"410","HDAC9",0.300140239877989,1.04232972335388,0.96371000047247,1.12736326452389
"411","NFATC1",0.0143303694601728,1.13755498080152,1.02606460767558,1.26115970151024
"412","IKZF1",0.191318025120545,0.947554668428512,0.874001061131526,1.0272983519016
"413","CTSK",0.251876259306153,1.04840303724554,0.966971061314812,1.13669268138298
"414","C2CD4B",0.720277803810328,0.984477627285825,0.903688199100886,1.07248960381536
"415","C2CD4A",0.694446397601843,0.985699712530764,0.917348365453993,1.05914389764284
"416","LGALS2",0.125056620419595,0.944598952576379,0.878252364661705,1.01595761891525
"417","NUPR1",0.322888236493568,1.04329432182683,0.959205945061992,1.13475426998709
"418","FNDC4",0.0069521337125461,1.14374071537023,1.03746435471934,1.26090387399332
"419","ALOX5AP",0.95152666470585,0.997650964460038,0.924800005931128,1.0762407444904
"420","SERPINF1",0.0151714638178387,1.10679663003571,1.01976145038581,1.20126013764782
"421","PTGER3",0.00068527705441668,1.11883010251305,1.04861364542916,1.19374833976822
"422","AOAH",0.773987763043176,1.00949160611461,0.946456323243165,1.07672512485717
"423","TNC",0.002216539010085,1.10424320019383,1.03628074813865,1.17666283713607
"424","MMP3",0.830120628103892,1.00547637739934,0.956541807209973,1.05691433232481
"425","MMP9",0.0345711935812502,1.06212181847775,1.00438373591368,1.12317903700448
"426","MIAT",0.511588270902402,0.972179533246441,0.893627345327321,1.05763666455068
"427","ARRB1",0.749896437468208,0.981718719003405,0.876436251646016,1.0996483103382
"428","ABCD2",0.203033926084963,0.940795744223835,0.856418881747123,1.03348565896171
"429","SRGN",0.940175035279579,1.00336149671337,0.919170126367309,1.09526437403449
"430","NAV3",0.0164121280156737,1.10370395388404,1.01824292601405,1.19633771735376
"431","GBP6",0.167287797678512,1.03568501594761,0.985406819281712,1.08852854604788
"432","CIITA",0.00896700865816305,0.905317726271598,0.84023755847885,0.975438644977218
"433","PTX3",0.0364959604603071,1.06981931491166,1.00424919871162,1.13967067937557
"434","TGM2",0.374841311296551,1.03265242566807,0.96191258067951,1.1085945372342
"435","S1PR3",0.347919323397179,1.0464502433394,0.951796506623445,1.1505170529254
"436","MRC2",0.0394643263282082,1.11402622442944,1.00522295459555,1.23460613692
"437","NPNT",0.393892356820119,1.03537698740156,0.955848604667415,1.12152227958081
"438","CHRD",0.265496960329302,1.05137532157375,0.962631003423986,1.14830091996054
"439","COL13A1",0.352271771988481,1.04745074812152,0.949972458322173,1.15493145104239
"440","SLC8A1",0.371158321091835,1.04709519235941,0.946639031351227,1.1582116366966
"441","HAND2",0.0576005680127601,1.06372944215671,0.998009397246381,1.13377722617945
"442","NOTUM",0.296997908493928,1.03485085477063,0.970324937425561,1.10366769966855
"443","GDF5",0.00576861323314712,1.13274702939371,1.03681312980646,1.23755746885633
"444","MGP",0.108676749623335,1.05911109592604,0.987343171602797,1.13609568159845
"445","SGMS2",0.0311415146465996,1.14942092483515,1.01269863901113,1.3046017951984
"446","TNN",0.0163899690337188,1.10019478941624,1.01766534871551,1.18941710670058
"447","ATP6V0A4",0.378403662255651,1.02575206697768,0.969330566138048,1.08545767529128
"448","KREMEN2",0.0343335240403386,1.07375522563315,1.00526551092724,1.14691121106009
"449","SMOC1",0.533341150698408,1.01775395140557,0.962930976155997,1.07569818735776
"450","PRICKLE1",0.0048843340663761,1.12222823311577,1.03563426019192,1.21606271210914
"451","VCAN",0.05364253387,1.07973971451035,0.99879798731805,1.1672408894429
"452","RSPO2",0.0689479595163719,1.05956742023745,0.995517933024176,1.12773771399393
"453","SNAI1",0.0450613921296422,1.10956013310897,1.00229123047098,1.22830934917618
"454","SHOX2",0.00623287540170008,1.1085997993788,1.02965406024929,1.19359847411777
"455","ASPN",0.094422451989288,1.05620577971781,0.990645922960294,1.12610431563248
"456","CDH11",0.0215238724497098,1.09740651894263,1.01379011950917,1.18791951572862
"457","ITGA11",0.0370563130233034,1.07534238277944,1.00437032551654,1.15132955526842
"458","TWIST2",0.428075710967931,1.03186565930336,0.954840198564246,1.11510464311261
"459","DDR2",0.0292406786273086,1.08862886603228,1.00861604536171,1.17498904901292
"460","COL6A1",0.00131345709393773,1.15040730724229,1.05616497217954,1.25305895141114
"461","OSR2",0.0173047021640511,1.11241939306269,1.01898653031317,1.21441929726161
"462","PKDCC",0.112694780192339,1.0481730764754,0.988974775689771,1.11091488403395
"463","COL5A2",0.00378627829734596,1.13437064364212,1.04157503142063,1.23543356775934
"464","CHRDL1",0.0150739925017919,1.06131344547258,1.01158892861611,1.11348216422438
"465","EGR2",0.00830113961327437,1.12383225341922,1.03051431272935,1.22560057461039
"466","BMPR1B",0.203688655736338,1.04047070443393,0.978729449547053,1.10610678700458
"467","COL1A2",0.00755956207518945,1.10780893524399,1.02763393716856,1.19423910851741
"468","MN1",0.00777390391352405,1.10801721962921,1.02741230970161,1.19494593105607
"469","COL11A1",0.193614117327807,1.03015827756956,0.98502792779555,1.0773563336626
"470","COL1A1",0.01134749745806,1.09792933063229,1.02132586983955,1.18027835254192
"471","AREG",0.14624042762018,1.04167872847549,0.985851587368288,1.10066726803672
"472","FAM20C",0.00718621757573768,1.12455919654181,1.03230880136661,1.22505338020232
"473","FBN2",0.000135055722460917,1.11122576813139,1.05264983613779,1.17306122640916
"474","COMP",0.0148707799594495,1.05621095462202,1.01073533315593,1.10373264302561
"475","CTHRC1",0.00231479573700527,1.11723519274101,1.04033059069429,1.19982483170663
"476","CHRDL2",0.0102569654525712,1.05772653066104,1.01336070883584,1.1040347271304
"477","SFRP2",0.0110573628667648,1.05175788454868,1.01160405722786,1.09350554676666
"478","SEMA3D",0.00501171166359105,1.09315808642858,1.02722595607967,1.16332204696696
"479","PLXNA4",0.0512696428265194,1.07176903838982,0.999617891815723,1.14912796285043
"480","SEMA3A",0.00856898558171676,1.11049649326427,1.02702404995529,1.20075324585234
"481","TUBB2B",0.0486265709886438,1.0556070574798,1.00032629500258,1.11394278583699
"482","RNASE1",0.835277175138927,1.01068228449584,0.914362292896687,1.11714873647917
"483","LCN2",0.256525759538747,1.02740971025603,0.980523059492435,1.07653838684303
"484","MPEG1",0.927042561791129,1.00398845560118,0.921989042544344,1.09328069257608
"485","SAA2",0.832412113067166,1.00519265760525,0.958110890498404,1.05458803247492
"486","SERPINA1",0.535096059743471,0.98075761134049,0.922352196973107,1.04286138782879
"487","SERPINA3",0.0148837898408264,1.05932378490929,1.01131017908484,1.10961691524751
"488","CD163",0.260847508462766,1.03608539348175,0.974000157649669,1.10212809942105
"489","SLC2A4",0.128906746659623,1.05548622935108,0.984419774499379,1.13168305758212
"490","TCL1A",0.522726458070654,0.979930214934245,0.920862645352438,1.04278659905198
"491","CACNA2D1",0.0012222338243245,1.1053776813678,1.04025095913649,1.17458177542112
"492","NGFR",0.0341141012615132,1.06585925894321,1.00479059202137,1.13063952717703
"493","FLNA",0.0107485567711719,1.13812399429491,1.0304206145585,1.25708493025908
"494","TPM1",0.010808334655679,1.15773746041695,1.03441827349309,1.29575826491008
"495","MYL9",0.21056177171525,1.05233368086844,0.971568824884778,1.1398123813014
"496","PAPSS2",0.0253912131866537,1.13331157635715,1.01553908939287,1.26474218719929
"497","PLAU",0.0835924715229936,1.0825877139915,0.989517990272728,1.18441116786803
"498","WNT5B",0.0234856457165179,1.088579824676,1.0115103185147,1.17152144965925
"499","MYLK",0.0216262793857596,1.09410619365869,1.01327946083599,1.18138026997478
"500","FKBP10",0.00020100174974586,1.18892231601876,1.0852587408129,1.30248780347867
"501","ANXA6",0.0150950316039788,1.12754591873107,1.02349546901767,1.24217433035373
"502","PLEK",0.874130741339218,0.994018046680384,0.922900840779414,1.07061542634616
"503","SERPINB2",4.84362014710132e-05,1.08562125586169,1.04344015854042,1.12950752521095
"504","CLDN3",0.952891495932481,1.00139165782158,0.956238274571992,1.04867717494732
"505","F5",0.636714117423624,0.986343413336911,0.931635189258441,1.04426425735109
"506","P2RX1",0.126207994736817,1.0463836356849,0.987310306040073,1.10899147545687
"507","COL5A1",0.00426140728466195,1.11943357071918,1.03609062820776,1.20948060443397
"508","CD109",2.25965770798156e-05,1.17522666105083,1.09065857995069,1.2663520282462
"509","VTN",0.872551272637118,0.994664456191029,0.931729274152606,1.06185069832608
"510","NRG1",0.247445108498986,1.03303706903998,0.977675536982831,1.09153348492696
"511","F2RL2",0.00132120104394774,1.13445016981447,1.05038473656334,1.22524361121509
"512","FAP",0.0289822770334341,1.07282139268122,1.00722872499035,1.14268558078057
"513","CD300C",0.362639722457103,1.03920863386148,0.956625515390128,1.12892094902133
"514","NCF2",0.52376052720978,1.02625451609068,0.947665529182601,1.11136081176756
"515","PNMA1",0.000388611036932878,1.2818527045609,1.11753676336674,1.4703286818412
"516","TSPAN2",0.133482198233195,1.0616836814021,0.981839133777272,1.14802130061686
"517","OSCAR",0.491205878366944,1.03160023942421,0.944152594027192,1.1271473072386
"518","IFI30",0.713654469588171,0.982584623906809,0.89457440328068,1.07925348590056
"519","CDKN2A",0.843836472135921,0.995748969685539,0.954424786959759,1.03886238515264
"520","RTN4RL1",0.156243187989929,1.04546395921964,0.983142874126211,1.11173555623706
"521","KLK8",0.00183348850068049,1.06546136392362,1.02380265476006,1.10881517325234
"522","CLDN9",0.415656205103944,1.02418166113263,0.966919847190482,1.08483456829256
"523","SIGLEC1",0.486235084722147,1.0274215965943,0.952091322575793,1.1087120658684
"524","NCAM1",0.00155819290334122,1.09423153660931,1.03485575483214,1.15701405738868
"525","PCSK5",6.33374024586274e-05,1.16449722368615,1.08076522587904,1.2547163357054
"526","ANPEP",0.0299599932745144,1.08253749564964,1.007726385641,1.16290239710453
"527","HMGA2",0.0209902953803314,1.0500556239131,1.00739539428527,1.09452238869308
"528","LRRC15",0.0824479734810081,1.04403069183413,0.99447472412157,1.09605609781029
"529","CD248",0.0385131001994631,1.10613114095036,1.00534623224689,1.21701963138176
"530","GNG2",0.109910354383592,1.09295310066664,0.980108152137026,1.21879047496159
"531","WNT2",0.993926198228998,0.99974037768422,0.935089730251105,1.06886087017958
"532","HERC5",0.58847144515649,1.02288689115425,0.942382161776415,1.11026888510168
"533","DCLK1",0.0242342530000937,1.07751045449903,1.00976854865944,1.14979693227332
"534","SLFN11",0.0318826902726434,1.10934738743923,1.00903111238256,1.21963694767784
"535","ITGAX",0.880801035239574,0.993532486047993,0.912747155903993,1.08146795577255
"536","ARHGAP22",0.587453649476771,1.02779991644316,0.930866035077421,1.13482781456595
"537","ARHGAP15",0.225748686862388,0.948031642923435,0.869607350816256,1.03352851737107
"538","RHEBL1",0.557401185701861,1.03581575297583,0.920935871689384,1.16502604263282
"539","ARHGAP28",0.0399402221993964,1.08987418891381,1.00396257916376,1.18313747176705
"540","CGNL1",0.39208179542277,1.03972721359125,0.950982533014775,1.13675345356257
"541","MRAS",0.959262013971942,1.00309860711544,0.890815364098475,1.1295346444942
"542","RASGRP4",0.194125877121156,1.06970035833558,0.966257021274983,1.18421789589008
"543","STMN3",0.0443627868220023,1.09837996482094,1.00236814853408,1.20358827131967
"544","NGF",0.000517308829531508,1.15173573211881,1.06344520557243,1.24735641261857
"545","P2RY10",0.181789531906396,0.945713084166494,0.871320483075148,1.02645726220873
"546","CTNNAL1",0.50824316536677,1.03925629351165,0.927215352175884,1.16483580763523
"547","DOK5",0.626453902117819,1.01949396641287,0.943237166606026,1.10191581115502
"548","CDON",0.0143636361198943,1.10863513776873,1.02077417737062,1.20405854295945
"549","ARHGAP9",0.150136256009522,0.943569246225162,0.871798381825362,1.02124865219154
"550","ARHGAP29",0.0050060772207686,1.16639525255382,1.04752723468927,1.29875180341602
"551","RELN",0.0737730407270798,1.06331924744246,0.994113280569513,1.13734304136232
"552","KALRN",0.23214709020047,1.05326058772614,0.967317888470623,1.14683898528039
"553","CYTH4",0.880305882652454,1.00640599136068,0.926141076203347,1.09362714328447
"554","RASGRF1",0.370231732709337,1.03418216709188,0.960877445344394,1.1130792588721
"555","DOK2",0.798014433967997,0.989434319386412,0.912132107407183,1.07328781042747
"556","PLEKHG4B",0.000268918475049693,1.09380413112235,1.04230023411337,1.14785302555174
"557","RASGEF1B",0.173415744578455,1.06718487976604,0.971809715218514,1.17192033560312
"558","RRAD",0.324514618049281,1.03104943613147,0.970201162175649,1.09571394180062
"559","RHOF",0.98534242004944,1.00059661626101,0.938911261175238,1.06633462593663
"560","NTN1",0.0375749375371469,1.07811827380361,1.00433176176196,1.15732575286687
"561","P2RY6",0.0887827946225715,1.06922341461795,0.989900070846662,1.15490315036491
"562","HOXA9",0.815622762123532,1.00776351011974,0.944339022942128,1.07544776574494
"563","CDKN2B",0.223329136325352,1.04188906740535,0.975297804428399,1.11302704040741
"564","EYA1",0.0373244990162639,1.08099069669336,1.00458219442583,1.16321082816472
"565","G0S2",0.604693150381874,1.02024896822607,0.94567760790884,1.1007006494191
"566","ACAA2",0.744184483350502,1.01735564574034,0.91746348869251,1.12812392283289
"567","MAGEA3",0.813238456091063,0.996103161074805,0.964354511330083,1.0288970454804
"568","SRPX",0.00179268966855083,1.12466686590466,1.0447143765092,1.21073815743808
"569","FAIM2",0.0458406269812338,1.07211925972266,1.00128744416273,1.14796177038795
"570","NTNG1",0.000738415777469295,1.1162825099501,1.04719957864689,1.18992278781337
"571","CDH19",0.14355255862299,1.04919868705954,0.98380477182144,1.118939363233
"572","PCDH9",0.00247671973436566,1.11145030421916,1.03793076697226,1.19017743577676
"573","NEXN",0.326620402332766,1.04582529107948,0.956266679457016,1.14377146350276
"574","MDGA1",0.0582202947428374,1.07898681812149,0.997357273065003,1.16729740196526
"575","CLSTN2",3.42248418606468e-05,1.16733156377259,1.08494788740674,1.2559709047748
"576","NTNG2",0.682054446344403,1.02111724068774,0.923963243970547,1.12848690251901
"577","SCARF2",0.0181721664451726,1.11826864203173,1.01921216000391,1.2269523508694
"578","DSG1",0.000618359223489741,1.08405944270467,1.0351056764735,1.13532840368617
"579","CDH2",0.0204939117655768,1.07816999702437,1.01167044469597,1.14904072623459
"580","PCDH10",0.000627233886226585,1.11721357312638,1.04844656109007,1.19049097426586
"581","CEACAM19",0.672983364594194,1.01839468583296,0.935739445694638,1.10835098477965
"582","IGSF21",0.095426693570802,1.06384263401875,0.989201674825507,1.14411568313974
"583","GATA5",0.189607958957299,1.04061278273398,0.980519406971574,1.10438911855291
"584","MYADM",0.00891285788354726,1.13716463702178,1.0327360741007,1.2521528434251
"585","PTPRD",0.00421491453041118,1.09642727945956,1.02943045273716,1.16778435682244
"586","DSG3",0.00446032720414625,1.04776720739006,1.01460577035459,1.08201249486123
"587","CADM3",0.141235281521773,1.04130875964696,0.986642483596381,1.09900389547899
"588","DSC2",0.000728693127357335,1.12584130158909,1.05102788681331,1.20598002419033
"589","L1CAM",0.0738207889003482,1.04164101900881,0.996077015691871,1.08928927722327
"590","MARCO",0.815386965423159,1.00585572197562,0.957744932101491,1.05638328068321
"591","PRR5L",0.0799621553886898,1.08796928558813,0.989983532816166,1.19565338932052
"592","HAS1",0.447210885982861,1.02560863452731,0.960868083361122,1.0947112193981
"593","ST3GAL6",0.00341242990895666,1.1659620283476,1.05207201075339,1.29218098918432
"594","CAMK2A",0.0321777167647903,1.09063022831934,1.00740742150068,1.18072814388443
"595","MSR1",0.195515028497511,1.0556690026494,0.972530652040079,1.14591456918815
"596","LZTS1",0.0445101706717785,1.11997802058702,1.00278352517781,1.25086894140549
"597","APLNR",0.0928372970286062,1.08781644479405,0.986106546332202,1.20001699812844
"598","NRXN1",0.0687157893288344,1.0660267221866,0.995105680905225,1.14200229605978
"599","GJC1",0.00438218548492733,1.17757677730165,1.05234147063953,1.31771587942594
"600","MAP1B",0.000103787273696271,1.19647078334063,1.09286384985782,1.30989998028938
"601","TBX5",0.300816778092261,1.04338045572255,0.9627363111339,1.13077980210553
"602","COL16A1",0.037735348743138,1.08700902985336,1.00473955707453,1.17601484152086
"603","EPB41L3",0.33194038465836,1.04185992255052,0.959029623975683,1.13184417986706
"604","ICAM5",0.00594157851846123,1.11225210797986,1.0310633836089,1.19983385247913
"605","LGI2",0.115921165314719,1.06389236481906,0.984837209361149,1.14929346003745
"606","NRCAM",0.0873194121929089,1.06024049034683,0.991474419862582,1.13377599547822
"607","NEGR1",0.009689463838756,1.09332472094979,1.0218539216411,1.16979435134934
"608","THBS2",0.0998741797747572,1.05740188527478,0.989388722384833,1.13009045048299
"609","CNTNAP2",0.0186432927730524,1.05508902245152,1.008989675119,1.10329458541427
"610","ANK2",0.0747979187797855,1.06260130222047,0.993943274347529,1.13600197981302
